timeStamp,elapsed,label,responseCode,responseMessage,threadName,dataType,success,failureMessage,bytes,sentBytes,grpThreads,allThreads,URL,Latency,IdleTime,Connect
1673875372552,100,/get_method,200,OK,HW_1_050 1-2,text,true,,174,153,6,6,http://162.55.220.72:5006/get_method?name=Aliaksandr&age=34,100,0,52
1673875372536,118,/get_method,200,OK,HW_1_050 1-1,text,true,,174,153,6,6,http://162.55.220.72:5006/get_method?name=Aliaksandr&age=34,118,0,68
1673875372577,121,/get_method,200,OK,HW_1_050 1-3,text,true,,174,153,9,9,http://162.55.220.72:5006/get_method?name=Aliaksandr&age=34,121,0,64
1673875372596,106,/get_method,200,OK,HW_1_050 1-4,text,true,,174,153,9,9,http://162.55.220.72:5006/get_method?name=Aliaksandr&age=34,106,0,56
1673875372617,117,/get_method,200,OK,HW_1_050 1-5,text,true,,174,153,10,10,http://162.55.220.72:5006/get_method?name=Aliaksandr&age=34,116,0,66
1673875372654,90,/user_info_2,200,OK,HW_1_050 1-2,text,true,,476,251,11,11,http://162.55.220.72:5006/user_info_2,90,0,44
1673875372637,117,/get_method,200,OK,HW_1_050 1-6,text,true,,174,153,11,11,http://162.55.220.72:5006/get_method?name=Aliaksandr&age=34,117,0,65
1673875372655,130,/user_info_2,200,OK,HW_1_050 1-1,text,true,,476,251,13,13,http://162.55.220.72:5006/user_info_2,129,0,68
1673875372698,93,/user_info_2,200,OK,HW_1_050 1-3,text,true,,476,251,13,13,http://162.55.220.72:5006/user_info_2,93,0,45
1673875372655,136,/get_method,200,OK,HW_1_050 1-7,text,true,,174,153,13,13,http://162.55.220.72:5006/get_method?name=Aliaksandr&age=34,136,0,69
1673875372676,129,/get_method,200,OK,HW_1_050 1-8,text,true,,174,153,14,14,http://162.55.220.72:5006/get_method?name=Aliaksandr&age=34,129,0,67
1673875372719,88,/get_method,200,OK,HW_1_050 1-10,text,true,,174,153,14,14,http://162.55.220.72:5006/get_method?name=Aliaksandr&age=34,88,0,44
1673875372702,117,/user_info_2,200,OK,HW_1_050 1-4,text,true,,476,251,15,15,http://162.55.220.72:5006/user_info_2,117,0,61
1673875372697,125,/get_method,200,OK,HW_1_050 1-9,text,true,,174,153,15,15,http://162.55.220.72:5006/get_method?name=Aliaksandr&age=34,125,0,66
1673875372736,95,/get_method,200,OK,HW_1_050 1-11,text,true,,174,153,15,15,http://162.55.220.72:5006/get_method?name=Aliaksandr&age=34,95,0,48
1673875372734,103,/user_info_2,200,OK,HW_1_050 1-5,text,true,,476,251,16,16,http://162.55.220.72:5006/user_info_2,103,0,50
1673875372744,121,/user_info_3,200,OK,HW_1_050 1-2,text,true,,378,251,17,17,http://162.55.220.72:5006/user_info_3,121,0,60
1673875372754,125,/user_info_2,200,OK,HW_1_050 1-6,text,true,,476,251,18,18,http://162.55.220.72:5006/user_info_2,125,0,61
1673875372755,124,/get_method,200,OK,HW_1_050 1-12,text,true,,174,153,18,18,http://162.55.220.72:5006/get_method?name=Aliaksandr&age=34,124,0,60
1673875372791,89,/user_info_2,200,OK,HW_1_050 1-7,text,true,,476,251,18,18,http://162.55.220.72:5006/user_info_2,89,0,44
1673875372795,90,/get_method,200,OK,HW_1_050 1-14,text,true,,174,153,18,18,http://162.55.220.72:5006/get_method?name=Aliaksandr&age=34,90,0,46
1673875372791,101,/user_info_3,200,OK,HW_1_050 1-3,text,true,,378,251,18,18,http://162.55.220.72:5006/user_info_3,101,0,50
1673875372805,92,/user_info_2,200,OK,HW_1_050 1-8,text,true,,476,251,19,19,http://162.55.220.72:5006/user_info_2,92,0,44
1673875372775,125,/get_method,200,OK,HW_1_050 1-13,text,true,,174,153,19,19,http://162.55.220.72:5006/get_method?name=Aliaksandr&age=34,125,0,60
1673875372808,92,/user_info_2,200,OK,HW_1_050 1-10,text,true,,476,251,19,19,http://162.55.220.72:5006/user_info_2,92,0,41
1673875372785,118,/user_info_3,200,OK,HW_1_050 1-1,text,true,,378,251,19,19,http://162.55.220.72:5006/user_info_3,118,0,56
1673875372823,87,/user_info_2,200,OK,HW_1_050 1-9,text,true,,476,251,19,19,http://162.55.220.72:5006/user_info_2,87,0,42
1673875372813,98,/get_method,200,OK,HW_1_050 1-15,text,true,,174,153,19,19,http://162.55.220.72:5006/get_method?name=Aliaksandr&age=34,98,0,50
1673875372819,105,/user_info_3,200,OK,HW_1_050 1-4,text,true,,378,251,20,20,http://162.55.220.72:5006/user_info_3,105,0,53
1673875372838,105,/user_info_3,200,OK,HW_1_050 1-5,text,true,,378,251,21,21,http://162.55.220.72:5006/user_info_3,105,0,53
1673875372854,92,/get_method,200,OK,HW_1_050 1-17,text,true,,174,153,21,21,http://162.55.220.72:5006/get_method?name=Aliaksandr&age=34,92,0,44
1673875372832,122,/get_method,200,OK,HW_1_050 1-16,text,true,,174,153,22,22,http://162.55.220.72:5006/get_method?name=Aliaksandr&age=34,122,0,59
1673875372831,123,/user_info_2,200,OK,HW_1_050 1-11,text,true,,476,251,22,22,http://162.55.220.72:5006/user_info_2,123,0,61
1673875372866,92,/object_info_1,200,OK,HW_1_050 1-2,text,true,,235,166,22,22,http://162.55.220.72:5006/object_info_1?name=Aliaksandr&age=45&weight=90,92,0,44
1673875372873,96,/get_method,200,OK,HW_1_050 1-18,text,true,,174,153,22,22,http://162.55.220.72:5006/get_method?name=Aliaksandr&age=34,96,0,47
1673875372879,94,/user_info_3,200,OK,HW_1_050 1-6,text,true,,378,251,23,23,http://162.55.220.72:5006/user_info_3,94,0,43
1673875372881,93,/user_info_3,200,OK,HW_1_050 1-7,text,true,,378,251,23,23,http://162.55.220.72:5006/user_info_3,93,0,42
1673875372879,104,/user_info_2,200,OK,HW_1_050 1-12,text,true,,476,251,23,23,http://162.55.220.72:5006/user_info_2,104,0,52
1673875372904,92,/object_info_1,200,OK,HW_1_050 1-1,text,true,,235,166,24,24,http://162.55.220.72:5006/object_info_1?name=Aliaksandr&age=45&weight=90,92,0,41
1673875372897,100,/user_info_3,200,OK,HW_1_050 1-8,text,true,,378,251,24,24,http://162.55.220.72:5006/user_info_3,100,0,46
1673875372900,103,/user_info_2,200,OK,HW_1_050 1-13,text,true,,476,251,24,24,http://162.55.220.72:5006/user_info_2,103,0,45
1673875372885,119,/user_info_2,200,OK,HW_1_050 1-14,text,true,,476,251,24,24,http://162.55.220.72:5006/user_info_2,119,0,58
1673875372911,95,/user_info_2,200,OK,HW_1_050 1-15,text,true,,476,251,24,24,http://162.55.220.72:5006/user_info_2,95,0,43
1673875372892,122,/object_info_1,200,OK,HW_1_050 1-3,text,true,,235,166,25,25,http://162.55.220.72:5006/object_info_1?name=Aliaksandr&age=45&weight=90,122,0,53
1673875372893,123,/get_method,200,OK,HW_1_050 1-19,text,true,,174,153,25,25,http://162.55.220.72:5006/get_method?name=Aliaksandr&age=34,122,0,54
1673875372900,116,/user_info_3,200,OK,HW_1_050 1-10,text,true,,378,251,25,25,http://162.55.220.72:5006/user_info_3,115,0,54
1673875372913,108,/get_method,200,OK,HW_1_050 1-20,text,true,,174,153,25,25,http://162.55.220.72:5006/get_method?name=Aliaksandr&age=34,108,0,52
1673875372910,120,/user_info_3,200,OK,HW_1_050 1-9,text,true,,378,251,25,25,http://162.55.220.72:5006/user_info_3,120,0,59
1673875372924,112,/object_info_1,200,OK,HW_1_050 1-4,text,true,,235,166,26,26,http://162.55.220.72:5006/object_info_1?name=Aliaksandr&age=45&weight=90,112,0,56
1673875372954,87,/get_method,200,OK,HW_1_050 1-22,text,true,,174,153,26,26,http://162.55.220.72:5006/get_method?name=Aliaksandr&age=34,87,0,42
1673875372946,101,/user_info_2,200,OK,HW_1_050 1-17,text,true,,476,251,26,26,http://162.55.220.72:5006/user_info_2,101,0,49
1673875372934,122,/get_method,200,OK,HW_1_050 1-21,text,true,,174,153,27,27,http://162.55.220.72:5006/get_method?name=Aliaksandr&age=34,122,0,61
1673875372944,112,/object_info_1,200,OK,HW_1_050 1-5,text,true,,235,166,27,27,http://162.55.220.72:5006/object_info_1?name=Aliaksandr&age=45&weight=90,112,0,52
1673875372955,116,/user_info_3,200,OK,HW_1_050 1-11,text,true,,378,251,27,27,http://162.55.220.72:5006/user_info_3,116,0,56
1673875372954,117,/user_info_2,200,OK,HW_1_050 1-16,text,true,,476,251,27,27,http://162.55.220.72:5006/user_info_2,117,0,57
1673875372958,124,/object_info_2,200,OK,HW_1_050 1-2,text,true,,490,169,28,28,http://162.55.220.72:5006/object_info_2?name=Aliaksandr&age=33&salary=48000,124,0,62
1673875372992,100,/get_method,200,OK,HW_1_050 1-24,text,true,,174,153,29,29,http://162.55.220.72:5006/get_method?name=Aliaksandr&age=34,100,0,49
1673875372996,96,/object_info_2,200,OK,HW_1_050 1-1,text,true,,490,169,29,29,http://162.55.220.72:5006/object_info_2?name=Aliaksandr&age=33&salary=48000,96,0,45
1673875372983,115,/user_info_3,200,OK,HW_1_050 1-12,text,true,,378,251,29,29,http://162.55.220.72:5006/user_info_3,115,0,52
1673875372969,129,/user_info_2,200,OK,HW_1_050 1-18,text,true,,476,251,29,29,http://162.55.220.72:5006/user_info_2,129,0,58
1673875372974,132,/object_info_1,200,OK,HW_1_050 1-6,text,true,,235,166,29,29,http://162.55.220.72:5006/object_info_1?name=Aliaksandr&age=45&weight=90,132,0,61
1673875372975,131,/object_info_1,200,OK,HW_1_050 1-7,text,true,,235,166,29,29,http://162.55.220.72:5006/object_info_1?name=Aliaksandr&age=45&weight=90,131,0,60
1673875372974,136,/get_method,200,OK,HW_1_050 1-23,text,true,,174,153,29,29,http://162.55.220.72:5006/get_method?name=Aliaksandr&age=34,135,0,62
1673875373004,107,/user_info_3,200,OK,HW_1_050 1-13,text,true,,378,251,30,30,http://162.55.220.72:5006/user_info_3,107,0,51
1673875372997,119,/object_info_1,200,OK,HW_1_050 1-8,text,true,,235,166,30,30,http://162.55.220.72:5006/object_info_1?name=Aliaksandr&age=45&weight=90,119,0,58
1673875373021,111,/user_info_2,200,OK,HW_1_050 1-20,text,true,,476,251,30,30,http://162.55.220.72:5006/user_info_2,111,0,50
1673875373007,125,/user_info_3,200,OK,HW_1_050 1-15,text,true,,378,251,30,30,http://162.55.220.72:5006/user_info_3,125,0,58
1673875373004,130,/user_info_3,200,OK,HW_1_050 1-14,text,true,,378,251,31,31,http://162.55.220.72:5006/user_info_3,130,0,61
1673875373030,106,/object_info_1,200,OK,HW_1_050 1-9,text,true,,235,166,31,31,http://162.55.220.72:5006/object_info_1?name=Aliaksandr&age=45&weight=90,106,0,47
1673875373014,133,/object_info_2,200,OK,HW_1_050 1-3,text,true,,490,169,31,31,http://162.55.220.72:5006/object_info_2?name=Aliaksandr&age=33&salary=48000,133,0,57
1673875373012,135,/get_method,200,OK,HW_1_050 1-25,text,true,,174,153,31,31,http://162.55.220.72:5006/get_method?name=Aliaksandr&age=34,135,0,59
1673875373016,141,/user_info_2,200,OK,HW_1_050 1-19,text,true,,476,251,32,32,http://162.55.220.72:5006/user_info_2,141,0,56
1673875373016,141,/object_info_1,200,OK,HW_1_050 1-10,text,true,,235,166,32,32,http://162.55.220.72:5006/object_info_1?name=Aliaksandr&age=45&weight=90,141,0,58
1673875373032,125,/get_method,200,OK,HW_1_050 1-26,text,true,,174,153,32,32,http://162.55.220.72:5006/get_method?name=Aliaksandr&age=34,125,0,50
1673875373036,137,/object_info_2,200,OK,HW_1_050 1-4,text,true,,490,169,33,33,http://162.55.220.72:5006/object_info_2?name=Aliaksandr&age=33&salary=48000,137,0,62
1673875373072,101,/get_method,200,OK,HW_1_050 1-28,text,true,,174,153,33,33,http://162.55.220.72:5006/get_method?name=Aliaksandr&age=34,101,0,42
1673875373072,101,/user_info_3,200,OK,HW_1_050 1-16,text,true,,378,251,33,33,http://162.55.220.72:5006/user_info_3,101,0,44
1673875373072,102,/object_info_1,200,OK,HW_1_050 1-11,text,true,,235,166,33,33,http://162.55.220.72:5006/object_info_1?name=Aliaksandr&age=45&weight=90,102,0,44
1673875373057,117,/user_info_2,200,OK,HW_1_050 1-21,text,true,,476,251,33,33,http://162.55.220.72:5006/user_info_2,117,0,51
1673875373057,117,/object_info_2,200,OK,HW_1_050 1-5,text,true,,490,169,33,33,http://162.55.220.72:5006/object_info_2?name=Aliaksandr&age=33&salary=48000,117,0,54
1673875373041,137,/user_info_2,200,OK,HW_1_050 1-22,text,true,,476,251,33,33,http://162.55.220.72:5006/user_info_2,137,0,61
1673875373052,126,/get_method,200,OK,HW_1_050 1-27,text,true,,174,153,33,33,http://162.55.220.72:5006/get_method?name=Aliaksandr&age=34,126,0,56
1673875373048,130,/user_info_3,200,OK,HW_1_050 1-17,text,true,,378,251,33,33,http://162.55.220.72:5006/user_info_3,130,0,59
1673875373082,96,/object_info_3,200,OK,HW_1_050 1-2,text,true,,531,168,33,33,http://162.55.220.72:5006/object_info_3?name=Aliaksandr&age=99&salary=5000,96,0,45
1673875373092,99,/user_info_2,200,OK,HW_1_050 1-24,text,true,,476,251,33,33,http://162.55.220.72:5006/user_info_2,99,0,44
1673875373092,99,/object_info_3,200,OK,HW_1_050 1-1,text,true,,531,168,33,33,http://162.55.220.72:5006/object_info_3?name=Aliaksandr&age=99&salary=5000,99,0,43
1673875373092,115,/get_method,200,OK,HW_1_050 1-29,text,true,,174,153,34,34,http://162.55.220.72:5006/get_method?name=Aliaksandr&age=34,115,0,56
1673875373111,117,/object_info_1,200,OK,HW_1_050 1-13,text,true,,235,166,35,35,http://162.55.220.72:5006/object_info_1?name=Aliaksandr&age=45&weight=90,117,0,46
1673875373110,124,/user_info_2,200,OK,HW_1_050 1-23,text,true,,476,251,36,36,http://162.55.220.72:5006/user_info_2,124,0,47
1673875373132,105,/object_info_1,200,OK,HW_1_050 1-15,text,true,,235,166,36,36,http://162.55.220.72:5006/object_info_1?name=Aliaksandr&age=45&weight=90,105,0,53
1673875373112,125,/get_method,200,OK,HW_1_050 1-30,text,true,,174,153,36,36,http://162.55.220.72:5006/get_method?name=Aliaksandr&age=34,125,0,60
1673875373106,133,/object_info_2,200,OK,HW_1_050 1-6,text,true,,490,169,36,36,http://162.55.220.72:5006/object_info_2?name=Aliaksandr&age=33&salary=48000,132,0,62
1673875373098,147,/object_info_1,200,OK,HW_1_050 1-12,text,true,,235,166,36,36,http://162.55.220.72:5006/object_info_1?name=Aliaksandr&age=45&weight=90,147,0,59
1673875373098,148,/user_info_3,200,OK,HW_1_050 1-18,text,true,,378,251,36,36,http://162.55.220.72:5006/user_info_3,148,0,59
1673875373106,140,/object_info_2,200,OK,HW_1_050 1-7,text,true,,490,169,36,36,http://162.55.220.72:5006/object_info_2?name=Aliaksandr&age=33&salary=48000,140,0,67
1673875373117,129,/object_info_2,200,OK,HW_1_050 1-8,text,true,,490,169,36,36,http://162.55.220.72:5006/object_info_2?name=Aliaksandr&age=33&salary=48000,129,0,61
1673875373132,117,/user_info_3,200,OK,HW_1_050 1-20,text,true,,378,251,36,36,http://162.55.220.72:5006/user_info_3,117,0,58
1673875373132,118,/get_method,200,OK,HW_1_050 1-31,text,true,,174,153,36,36,http://162.55.220.72:5006/get_method?name=Aliaksandr&age=34,118,0,59
1673875373136,123,/object_info_2,200,OK,HW_1_050 1-9,text,true,,490,169,37,37,http://162.55.220.72:5006/object_info_2?name=Aliaksandr&age=33&salary=48000,123,0,68
1673875373147,118,/object_info_3,200,OK,HW_1_050 1-3,text,true,,531,168,37,37,http://162.55.220.72:5006/object_info_3?name=Aliaksandr&age=99&salary=5000,117,0,57
1673875373147,118,/user_info_2,200,OK,HW_1_050 1-25,text,true,,476,251,37,37,http://162.55.220.72:5006/user_info_2,118,0,57
1673875373134,132,/object_info_1,200,OK,HW_1_050 1-14,text,true,,235,166,37,37,http://162.55.220.72:5006/object_info_1?name=Aliaksandr&age=45&weight=90,131,0,70
1673875373152,115,/get_method,200,OK,HW_1_050 1-32,text,true,,174,153,37,37,http://162.55.220.72:5006/get_method?name=Aliaksandr&age=34,115,0,67
1673875373157,113,/user_info_3,200,OK,HW_1_050 1-19,text,true,,378,251,37,37,http://162.55.220.72:5006/user_info_3,113,0,68
1673875373174,100,/user_info_3,200,OK,HW_1_050 1-21,text,true,,378,251,38,38,http://162.55.220.72:5006/user_info_3,100,0,52
1673875373178,100,/object_info_4,200,OK,HW_1_050 1-2,text,true,,243,168,38,38,http://162.55.220.72:5006/object_info_4?name=Aliaksandr&age=55&salary=3355,100,0,50
1673875373174,104,/object_info_3,200,OK,HW_1_050 1-5,text,true,,531,168,38,38,http://162.55.220.72:5006/object_info_3?name=Aliaksandr&age=99&salary=5000,104,0,53
1673875373174,104,/object_info_2,200,OK,HW_1_050 1-11,text,true,,490,169,38,38,http://162.55.220.72:5006/object_info_2?name=Aliaksandr&age=33&salary=48000,104,0,52
1673875373178,103,/user_info_2,200,OK,HW_1_050 1-27,text,true,,476,251,37,37,http://162.55.220.72:5006/user_info_2,103,0,52
1673875373191,90,/user_info_3,200,OK,HW_1_050 1-24,text,true,,378,251,37,37,http://162.55.220.72:5006/user_info_3,90,0,42
1673875373191,100,/get_method,200,OK,HW_1_050 1-34,text,true,,174,153,38,38,http://162.55.220.72:5006/get_method?name=Aliaksandr&age=34,100,0,48
1673875373191,100,/object_info_4,200,OK,HW_1_050 1-1,text,true,,243,168,38,38,http://162.55.220.72:5006/object_info_4?name=Aliaksandr&age=55&salary=3355,100,0,47
1673875373172,131,/get_method,200,OK,HW_1_050 1-33,text,true,,174,153,37,37,http://162.55.220.72:5006/get_method?name=Aliaksandr&age=34,131,0,65
1673875373173,131,/user_info_2,200,OK,HW_1_050 1-28,text,true,,476,251,37,37,http://162.55.220.72:5006/user_info_2,131,0,65
1673875373173,131,/object_info_1,200,OK,HW_1_050 1-16,text,true,,235,166,37,37,http://162.55.220.72:5006/object_info_1?name=Aliaksandr&age=45&weight=90,131,0,65
1673875373173,131,/object_info_3,200,OK,HW_1_050 1-4,text,true,,531,168,37,37,http://162.55.220.72:5006/object_info_3?name=Aliaksandr&age=99&salary=5000,131,0,65
1673875373208,97,/user_info_2,200,OK,HW_1_050 1-29,text,true,,476,251,37,37,http://162.55.220.72:5006/user_info_2,96,0,44
1673875373157,155,/object_info_2,200,OK,HW_1_050 1-10,text,true,,490,169,38,38,http://162.55.220.72:5006/object_info_2?name=Aliaksandr&age=33&salary=48000,155,0,83
1673875373157,156,/user_info_2,200,OK,HW_1_050 1-26,text,true,,476,251,38,38,http://162.55.220.72:5006/user_info_2,156,0,82
1673875373214,100,/get_method,200,OK,HW_1_050 1-35,text,true,,174,153,38,38,http://162.55.220.72:5006/get_method?name=Aliaksandr&age=34,100,0,43
1673875373178,136,/object_info_1,200,OK,HW_1_050 1-17,text,true,,235,166,38,38,http://162.55.220.72:5006/object_info_1?name=Aliaksandr&age=45&weight=90,136,0,67
1673875373178,138,/user_info_3,200,OK,HW_1_050 1-22,text,true,,378,251,38,38,http://162.55.220.72:5006/user_info_3,138,0,67
1673875373228,88,/object_info_2,200,OK,HW_1_050 1-13,text,true,,490,169,38,38,http://162.55.220.72:5006/object_info_2?name=Aliaksandr&age=33&salary=48000,88,0,43
1673875373247,93,/object_info_3,200,OK,HW_1_050 1-7,text,true,,531,168,39,39,http://162.55.220.72:5006/object_info_3?name=Aliaksandr&age=99&salary=5000,93,0,42
1673875373250,91,/user_info_2,200,OK,HW_1_050 1-31,text,true,,476,251,39,39,http://162.55.220.72:5006/user_info_2,91,0,42
1673875373250,92,/object_info_1,200,OK,HW_1_050 1-20,text,true,,235,166,39,39,http://162.55.220.72:5006/object_info_1?name=Aliaksandr&age=45&weight=90,92,0,42
1673875373237,114,/object_info_2,200,OK,HW_1_050 1-15,text,true,,490,169,39,39,http://162.55.220.72:5006/object_info_2?name=Aliaksandr&age=33&salary=48000,114,0,51
1673875373245,109,/object_info_2,200,OK,HW_1_050 1-12,text,true,,490,169,40,40,http://162.55.220.72:5006/object_info_2?name=Aliaksandr&age=33&salary=48000,109,0,47
1673875373247,111,/object_info_1,200,OK,HW_1_050 1-18,text,true,,235,166,40,40,http://162.55.220.72:5006/object_info_1?name=Aliaksandr&age=45&weight=90,110,0,48
1673875373239,124,/object_info_3,200,OK,HW_1_050 1-6,text,true,,531,168,40,40,http://162.55.220.72:5006/object_info_3?name=Aliaksandr&age=99&salary=5000,124,0,53
1673875373247,116,/object_info_3,200,OK,HW_1_050 1-8,text,true,,531,168,40,40,http://162.55.220.72:5006/object_info_3?name=Aliaksandr&age=99&salary=5000,116,0,48
1673875373234,132,/get_method,200,OK,HW_1_050 1-36,text,true,,174,153,40,40,http://162.55.220.72:5006/get_method?name=Aliaksandr&age=34,132,0,58
1673875373234,134,/user_info_3,200,OK,HW_1_050 1-23,text,true,,378,251,40,40,http://162.55.220.72:5006/user_info_3,134,0,58
1673875373237,132,/user_info_2,200,OK,HW_1_050 1-30,text,true,,476,251,40,40,http://162.55.220.72:5006/user_info_2,132,0,61
1673875373271,102,/get_method,200,OK,HW_1_050 1-38,text,true,,174,153,41,41,http://162.55.220.72:5006/get_method?name=Aliaksandr&age=34,102,0,42
1673875373266,107,/object_info_2,200,OK,HW_1_050 1-14,text,true,,490,169,41,41,http://162.55.220.72:5006/object_info_2?name=Aliaksandr&age=33&salary=48000,107,0,47
1673875373275,102,/object_info_1,200,OK,HW_1_050 1-21,text,true,,235,166,41,41,http://162.55.220.72:5006/object_info_1?name=Aliaksandr&age=45&weight=90,102,0,44
1673875373268,112,/user_info_2,200,OK,HW_1_050 1-32,text,true,,476,251,41,41,http://162.55.220.72:5006/user_info_2,112,0,52
1673875373278,102,/object_info_4,200,OK,HW_1_050 1-5,text,true,,243,168,41,41,http://162.55.220.72:5006/object_info_4?name=Aliaksandr&age=55&salary=3355,102,0,42
1673875373270,110,/object_info_1,200,OK,HW_1_050 1-19,text,true,,235,166,40,40,http://162.55.220.72:5006/object_info_1?name=Aliaksandr&age=45&weight=90,110,0,47
1673875373252,129,/get_method,200,OK,HW_1_050 1-37,text,true,,174,153,40,40,http://162.55.220.72:5006/get_method?name=Aliaksandr&age=34,129,0,58
1673875373259,123,/object_info_3,200,OK,HW_1_050 1-9,text,true,,531,168,40,40,http://162.55.220.72:5006/object_info_3?name=Aliaksandr&age=99&salary=5000,123,0,58
1673875373265,119,/user_info_3,200,OK,HW_1_050 1-25,text,true,,378,251,40,40,http://162.55.220.72:5006/user_info_3,119,0,58
1673875373265,119,/object_info_4,200,OK,HW_1_050 1-3,text,true,,243,168,40,40,http://162.55.220.72:5006/object_info_4?name=Aliaksandr&age=55&salary=3355,119,0,58
1673875373304,85,/user_info_2,200,OK,HW_1_050 1-33,text,true,,476,251,39,39,http://162.55.220.72:5006/user_info_2,85,0,41
1673875373304,87,/object_info_2,200,OK,HW_1_050 1-16,text,true,,490,169,39,39,http://162.55.220.72:5006/object_info_2?name=Aliaksandr&age=33&salary=48000,87,0,43
1673875373278,114,/object_info_3,200,OK,HW_1_050 1-11,text,true,,531,168,39,39,http://162.55.220.72:5006/object_info_3?name=Aliaksandr&age=99&salary=5000,114,0,56
1673875373305,88,/object_info_4,200,OK,HW_1_050 1-4,text,true,,243,168,40,40,http://162.55.220.72:5006/object_info_4?name=Aliaksandr&age=55&salary=3355,88,0,45
1673875373282,123,/object_info_1,200,OK,HW_1_050 1-24,text,true,,235,166,39,39,http://162.55.220.72:5006/object_info_1?name=Aliaksandr&age=45&weight=90,123,0,59
1673875373282,126,/user_info_3,200,OK,HW_1_050 1-27,text,true,,378,251,39,39,http://162.55.220.72:5006/user_info_3,125,0,59
1673875373314,94,/object_info_2,200,OK,HW_1_050 1-17,text,true,,490,169,39,39,http://162.55.220.72:5006/object_info_2?name=Aliaksandr&age=33&salary=48000,93,0,43
1673875373313,103,/user_info_3,200,OK,HW_1_050 1-26,text,true,,378,251,40,40,http://162.55.220.72:5006/user_info_3,103,0,44
1673875373316,108,/object_info_3,200,OK,HW_1_050 1-13,text,true,,531,168,40,40,http://162.55.220.72:5006/object_info_3?name=Aliaksandr&age=99&salary=5000,108,0,44
1673875373305,122,/user_info_3,200,OK,HW_1_050 1-29,text,true,,378,251,40,40,http://162.55.220.72:5006/user_info_3,122,0,47
1673875373316,118,/object_info_1,200,OK,HW_1_050 1-22,text,true,,235,166,41,41,http://162.55.220.72:5006/object_info_1?name=Aliaksandr&age=45&weight=90,118,0,43
1673875373291,145,/user_info_2,200,OK,HW_1_050 1-34,text,true,,476,251,41,41,http://162.55.220.72:5006/user_info_2,145,0,59
1673875373291,147,/get_method,200,OK,HW_1_050 1-39,text,true,,174,153,41,41,http://162.55.220.72:5006/get_method?name=Aliaksandr&age=34,147,0,59
1673875373304,138,/user_info_3,200,OK,HW_1_050 1-28,text,true,,378,251,41,41,http://162.55.220.72:5006/user_info_3,137,0,56
1673875373333,109,/get_method,200,OK,HW_1_050 1-41,text,true,,174,153,41,41,http://162.55.220.72:5006/get_method?name=Aliaksandr&age=34,109,0,46
1673875373340,114,/object_info_4,200,OK,HW_1_050 1-7,text,true,,243,168,42,42,http://162.55.220.72:5006/object_info_4?name=Aliaksandr&age=55&salary=3355,114,0,42
1673875373341,116,/user_info_3,200,OK,HW_1_050 1-31,text,true,,378,251,41,41,http://162.55.220.72:5006/user_info_3,116,0,43
1673875373312,145,/object_info_3,200,OK,HW_1_050 1-10,text,true,,531,168,41,41,http://162.55.220.72:5006/object_info_3?name=Aliaksandr&age=99&salary=5000,145,0,58
1673875373311,146,/get_method,200,OK,HW_1_050 1-40,text,true,,174,153,41,41,http://162.55.220.72:5006/get_method?name=Aliaksandr&age=34,146,0,58
1673875373314,143,/user_info_2,200,OK,HW_1_050 1-35,text,true,,476,251,41,41,http://162.55.220.72:5006/user_info_2,143,0,57
1673875373342,119,/object_info_2,200,OK,HW_1_050 1-20,text,true,,490,169,41,41,http://162.55.220.72:5006/object_info_2?name=Aliaksandr&age=33&salary=48000,118,0,47
1673875373358,104,/object_info_2,200,OK,HW_1_050 1-18,text,true,,490,169,41,41,http://162.55.220.72:5006/object_info_2?name=Aliaksandr&age=33&salary=48000,104,0,46
1673875373363,106,/object_info_4,200,OK,HW_1_050 1-8,text,true,,243,168,41,41,http://162.55.220.72:5006/object_info_4?name=Aliaksandr&age=55&salary=3355,106,0,44
1673875373363,106,/object_info_4,200,OK,HW_1_050 1-6,text,true,,243,168,41,41,http://162.55.220.72:5006/object_info_4?name=Aliaksandr&age=55&salary=3355,106,0,44
1673875373354,120,/object_info_3,200,OK,HW_1_050 1-12,text,true,,531,168,40,40,http://162.55.220.72:5006/object_info_3?name=Aliaksandr&age=99&salary=5000,119,0,50
1673875373351,125,/object_info_3,200,OK,HW_1_050 1-15,text,true,,531,168,40,40,http://162.55.220.72:5006/object_info_3?name=Aliaksandr&age=99&salary=5000,125,0,56
1673875373353,128,/get_method,200,OK,HW_1_050 1-42,text,true,,174,153,40,40,http://162.55.220.72:5006/get_method?name=Aliaksandr&age=34,127,0,54
1673875373377,104,/object_info_2,200,OK,HW_1_050 1-21,text,true,,490,169,40,40,http://162.55.220.72:5006/object_info_2?name=Aliaksandr&age=33&salary=48000,104,0,47
1673875373369,115,/object_info_1,200,OK,HW_1_050 1-23,text,true,,235,166,40,40,http://162.55.220.72:5006/object_info_1?name=Aliaksandr&age=45&weight=90,115,0,55
1673875373370,116,/user_info_3,200,OK,HW_1_050 1-30,text,true,,378,251,40,40,http://162.55.220.72:5006/user_info_3,116,0,54
1673875373380,112,/user_info_3,200,OK,HW_1_050 1-32,text,true,,378,251,41,41,http://162.55.220.72:5006/user_info_3,112,0,51
1673875373373,122,/user_info_2,200,OK,HW_1_050 1-38,text,true,,476,251,41,41,http://162.55.220.72:5006/user_info_2,122,0,53
1673875373393,102,/get_method,200,OK,HW_1_050 1-44,text,true,,174,153,41,41,http://162.55.220.72:5006/get_method?name=Aliaksandr&age=34,101,0,43
1673875373373,123,/object_info_3,200,OK,HW_1_050 1-14,text,true,,531,168,41,41,http://162.55.220.72:5006/object_info_3?name=Aliaksandr&age=99&salary=5000,123,0,54
1673875373366,139,/user_info_2,200,OK,HW_1_050 1-36,text,true,,476,251,41,41,http://162.55.220.72:5006/user_info_2,139,0,58
1673875373392,113,/object_info_4,200,OK,HW_1_050 1-11,text,true,,243,168,41,41,http://162.55.220.72:5006/object_info_4?name=Aliaksandr&age=55&salary=3355,113,0,48
1673875373374,131,/get_method,200,OK,HW_1_050 1-43,text,true,,174,153,41,41,http://162.55.220.72:5006/get_method?name=Aliaksandr&age=34,131,0,54
1673875373381,125,/user_info_2,200,OK,HW_1_050 1-37,text,true,,476,251,40,40,http://162.55.220.72:5006/user_info_2,125,0,53
1673875373381,125,/object_info_2,200,OK,HW_1_050 1-19,text,true,,490,169,40,40,http://162.55.220.72:5006/object_info_2?name=Aliaksandr&age=33&salary=48000,125,0,53
1673875373408,104,/object_info_3,200,OK,HW_1_050 1-17,text,true,,531,168,41,41,http://162.55.220.72:5006/object_info_3?name=Aliaksandr&age=99&salary=5000,104,0,47
1673875373412,100,/get_method,200,OK,HW_1_050 1-45,text,true,,174,153,41,41,http://162.55.220.72:5006/get_method?name=Aliaksandr&age=34,100,0,43
1673875373385,133,/object_info_1,200,OK,HW_1_050 1-25,text,true,,235,166,41,41,http://162.55.220.72:5006/object_info_1?name=Aliaksandr&age=45&weight=90,133,0,60
1673875373391,128,/object_info_3,200,OK,HW_1_050 1-16,text,true,,531,168,41,41,http://162.55.220.72:5006/object_info_3?name=Aliaksandr&age=99&salary=5000,127,0,57
1673875373382,138,/object_info_4,200,OK,HW_1_050 1-9,text,true,,243,168,41,41,http://162.55.220.72:5006/object_info_4?name=Aliaksandr&age=55&salary=3355,137,0,58
1673875373405,115,/object_info_2,200,OK,HW_1_050 1-24,text,true,,490,169,40,40,http://162.55.220.72:5006/object_info_2?name=Aliaksandr&age=33&salary=48000,115,0,49
1673875373390,131,/user_info_3,200,OK,HW_1_050 1-33,text,true,,378,251,40,40,http://162.55.220.72:5006/user_info_3,131,0,58
1673875373437,86,/user_info_3,200,OK,HW_1_050 1-34,text,true,,378,251,40,40,http://162.55.220.72:5006/user_info_3,86,0,42
1673875373442,87,/object_info_1,200,OK,HW_1_050 1-28,text,true,,235,166,40,40,http://162.55.220.72:5006/object_info_1?name=Aliaksandr&age=45&weight=90,87,0,41
1673875373408,121,/object_info_1,200,OK,HW_1_050 1-27,text,true,,235,166,40,40,http://162.55.220.72:5006/object_info_1?name=Aliaksandr&age=45&weight=90,121,0,60
1673875373417,115,/object_info_1,200,OK,HW_1_050 1-26,text,true,,235,166,40,40,http://162.55.220.72:5006/object_info_1?name=Aliaksandr&age=45&weight=90,115,0,56
1673875373443,91,/user_info_2,200,OK,HW_1_050 1-41,text,true,,476,251,40,40,http://162.55.220.72:5006/user_info_2,91,0,44
1673875373438,101,/user_info_2,200,OK,HW_1_050 1-39,text,true,,476,251,40,40,http://162.55.220.72:5006/user_info_2,101,0,49
1673875373427,119,/object_info_1,200,OK,HW_1_050 1-29,text,true,,235,166,40,40,http://162.55.220.72:5006/object_info_1?name=Aliaksandr&age=45&weight=90,119,0,57
1673875373424,122,/object_info_4,200,OK,HW_1_050 1-13,text,true,,243,168,40,40,http://162.55.220.72:5006/object_info_4?name=Aliaksandr&age=55&salary=3355,122,0,59
1673875373431,122,/get_method,200,OK,HW_1_050 1-46,text,true,,174,153,39,39,http://162.55.220.72:5006/get_method?name=Aliaksandr&age=34,121,0,60
1673875373435,120,/object_info_2,200,OK,HW_1_050 1-22,text,true,,490,169,39,39,http://162.55.220.72:5006/object_info_2?name=Aliaksandr&age=33&salary=48000,120,0,58
1673875373463,102,/object_info_3,200,OK,HW_1_050 1-18,text,true,,531,168,39,39,http://162.55.220.72:5006/object_info_3?name=Aliaksandr&age=99&salary=5000,102,0,48
1673875373474,93,/object_info_4,200,OK,HW_1_050 1-12,text,true,,243,168,39,39,http://162.55.220.72:5006/object_info_4?name=Aliaksandr&age=55&salary=3355,93,0,43
1673875373480,90,/object_info_4,200,OK,HW_1_050 1-15,text,true,,243,168,38,38,http://162.55.220.72:5006/object_info_4?name=Aliaksandr&age=55&salary=3355,90,0,43
1673875373458,112,/user_info_3,200,OK,HW_1_050 1-35,text,true,,378,251,38,38,http://162.55.220.72:5006/user_info_3,111,0,53
1673875373472,99,/get_method,200,OK,HW_1_050 1-48,text,true,,174,153,37,37,http://162.55.220.72:5006/get_method?name=Aliaksandr&age=34,99,0,49
1673875373451,124,/get_method,200,OK,HW_1_050 1-47,text,true,,174,153,37,37,http://162.55.220.72:5006/get_method?name=Aliaksandr&age=34,124,0,60
1673875373461,118,/object_info_3,200,OK,HW_1_050 1-20,text,true,,531,168,37,37,http://162.55.220.72:5006/object_info_3?name=Aliaksandr&age=99&salary=5000,118,0,56
1673875373457,126,/object_info_4,200,OK,HW_1_050 1-10,text,true,,243,168,37,37,http://162.55.220.72:5006/object_info_4?name=Aliaksandr&age=55&salary=3355,126,0,60
1673875373457,130,/user_info_2,200,OK,HW_1_050 1-40,text,true,,476,251,36,36,http://162.55.220.72:5006/user_info_2,130,0,60
1673875373457,137,/object_info_1,200,OK,HW_1_050 1-31,text,true,,235,166,36,36,http://162.55.220.72:5006/object_info_1?name=Aliaksandr&age=45&weight=90,137,0,60
1673875373495,101,/user_info_2,200,OK,HW_1_050 1-44,text,true,,476,251,36,36,http://162.55.220.72:5006/user_info_2,101,0,48
1673875373496,101,/object_info_4,200,OK,HW_1_050 1-14,text,true,,243,168,36,36,http://162.55.220.72:5006/object_info_4?name=Aliaksandr&age=55&salary=3355,101,0,47
1673875373482,115,/object_info_3,200,OK,HW_1_050 1-21,text,true,,531,168,35,35,http://162.55.220.72:5006/object_info_3?name=Aliaksandr&age=99&salary=5000,115,0,57
1673875373505,96,/user_info_3,200,OK,HW_1_050 1-36,text,true,,378,251,35,35,http://162.55.220.72:5006/user_info_3,96,0,47
1673875373481,120,/user_info_2,200,OK,HW_1_050 1-42,text,true,,476,251,35,35,http://162.55.220.72:5006/user_info_2,120,0,58
1673875373485,117,/object_info_2,200,OK,HW_1_050 1-23,text,true,,490,169,35,35,http://162.55.220.72:5006/object_info_2?name=Aliaksandr&age=33&salary=48000,117,0,58
1673875373521,87,/object_info_3,200,OK,HW_1_050 1-24,text,true,,531,168,35,35,http://162.55.220.72:5006/object_info_3?name=Aliaksandr&age=99&salary=5000,87,0,43
1673875373495,113,/user_info_3,200,OK,HW_1_050 1-38,text,true,,378,251,35,35,http://162.55.220.72:5006/user_info_3,113,0,57
1673875373492,118,/object_info_1,200,OK,HW_1_050 1-32,text,true,,235,166,35,35,http://162.55.220.72:5006/object_info_1?name=Aliaksandr&age=45&weight=90,118,0,60
1673875373486,127,/object_info_1,200,OK,HW_1_050 1-30,text,true,,235,166,35,35,http://162.55.220.72:5006/object_info_1?name=Aliaksandr&age=45&weight=90,127,0,65
1673875373492,122,/get_method,200,OK,HW_1_050 1-49,text,true,,174,153,35,35,http://162.55.220.72:5006/get_method?name=Aliaksandr&age=34,122,0,60
1673875373522,98,/object_info_1,200,OK,HW_1_050 1-33,text,true,,235,166,35,35,http://162.55.220.72:5006/object_info_1?name=Aliaksandr&age=45&weight=90,98,0,47
1673875373513,107,/user_info_2,200,OK,HW_1_050 1-45,text,true,,476,251,35,35,http://162.55.220.72:5006/user_info_2,107,0,52
1673875373513,110,/get_method,200,OK,HW_1_050 1-50,text,true,,174,153,35,35,http://162.55.220.72:5006/get_method?name=Aliaksandr&age=34,110,0,53
1673875373506,123,/user_info_3,200,OK,HW_1_050 1-37,text,true,,378,251,35,35,http://162.55.220.72:5006/user_info_3,123,0,56
1673875373505,124,/user_info_2,200,OK,HW_1_050 1-43,text,true,,476,251,35,35,http://162.55.220.72:5006/user_info_2,124,0,57
1673875373506,132,/object_info_3,200,OK,HW_1_050 1-19,text,true,,531,168,35,35,http://162.55.220.72:5006/object_info_3?name=Aliaksandr&age=99&salary=5000,132,0,57
1673875373518,121,/object_info_2,200,OK,HW_1_050 1-25,text,true,,490,169,35,35,http://162.55.220.72:5006/object_info_2?name=Aliaksandr&age=33&salary=48000,121,0,53
1673875373519,122,/object_info_4,200,OK,HW_1_050 1-16,text,true,,243,168,35,35,http://162.55.220.72:5006/object_info_4?name=Aliaksandr&age=55&salary=3355,122,0,55
1673875373512,131,/object_info_4,200,OK,HW_1_050 1-17,text,true,,243,168,34,34,http://162.55.220.72:5006/object_info_4?name=Aliaksandr&age=55&salary=3355,130,0,58
1673875373532,115,/object_info_2,200,OK,HW_1_050 1-26,text,true,,490,169,33,33,http://162.55.220.72:5006/object_info_2?name=Aliaksandr&age=33&salary=48000,115,0,53
1673875373530,117,/object_info_2,200,OK,HW_1_050 1-28,text,true,,490,169,33,33,http://162.55.220.72:5006/object_info_2?name=Aliaksandr&age=33&salary=48000,117,0,53
1673875373553,96,/user_info_2,200,OK,HW_1_050 1-46,text,true,,476,251,33,33,http://162.55.220.72:5006/user_info_2,96,0,43
1673875373534,115,/user_info_3,200,OK,HW_1_050 1-41,text,true,,378,251,33,33,http://162.55.220.72:5006/user_info_3,115,0,52
1673875373524,131,/object_info_1,200,OK,HW_1_050 1-34,text,true,,235,166,33,33,http://162.55.220.72:5006/object_info_1?name=Aliaksandr&age=45&weight=90,131,0,59
1673875373555,101,/object_info_3,200,OK,HW_1_050 1-22,text,true,,531,168,33,33,http://162.55.220.72:5006/object_info_3?name=Aliaksandr&age=99&salary=5000,101,0,44
1673875373546,141,/object_info_2,200,OK,HW_1_050 1-29,text,true,,490,169,33,33,http://162.55.220.72:5006/object_info_2?name=Aliaksandr&age=33&salary=48000,141,0,50
1673875373539,149,/user_info_3,200,OK,HW_1_050 1-39,text,true,,378,251,33,33,http://162.55.220.72:5006/user_info_3,148,0,57
1673875373530,158,/object_info_2,200,OK,HW_1_050 1-27,text,true,,490,169,33,33,http://162.55.220.72:5006/object_info_2?name=Aliaksandr&age=33&salary=48000,157,0,56
1673875373566,122,/object_info_4,200,OK,HW_1_050 1-18,text,true,,243,168,33,33,http://162.55.220.72:5006/object_info_4?name=Aliaksandr&age=55&salary=3355,122,0,41
1673875373579,109,/object_info_4,200,OK,HW_1_050 1-20,text,true,,243,168,33,33,http://162.55.220.72:5006/object_info_4?name=Aliaksandr&age=55&salary=3355,109,0,43
1673875373594,95,/object_info_2,200,OK,HW_1_050 1-31,text,true,,490,169,31,31,http://162.55.220.72:5006/object_info_2?name=Aliaksandr&age=33&salary=48000,95,0,43
1673875373597,92,/object_info_4,200,OK,HW_1_050 1-21,text,true,,243,168,31,31,http://162.55.220.72:5006/object_info_4?name=Aliaksandr&age=55&salary=3355,92,0,42
1673875373588,101,/user_info_3,200,OK,HW_1_050 1-40,text,true,,378,251,30,30,http://162.55.220.72:5006/user_info_3,101,0,49
1673875373570,120,/object_info_1,200,OK,HW_1_050 1-35,text,true,,235,166,30,30,http://162.55.220.72:5006/object_info_1?name=Aliaksandr&age=45&weight=90,120,0,58
1673875373601,92,/user_info_3,200,OK,HW_1_050 1-42,text,true,,378,251,30,30,http://162.55.220.72:5006/user_info_3,91,0,46
1673875373597,101,/user_info_3,200,OK,HW_1_050 1-44,text,true,,378,251,30,30,http://162.55.220.72:5006/user_info_3,101,0,50
1673875373572,129,/user_info_2,200,OK,HW_1_050 1-48,text,true,,476,251,30,30,http://162.55.220.72:5006/user_info_2,129,0,65
1673875373575,126,/user_info_2,200,OK,HW_1_050 1-47,text,true,,476,251,30,30,http://162.55.220.72:5006/user_info_2,126,0,62
1673875373614,158,/object_info_2,200,OK,HW_1_050 1-30,text,true,,490,169,30,30,http://162.55.220.72:5006/object_info_2?name=Aliaksandr&age=33&salary=48000,158,0,73
1673875373621,152,/object_info_2,200,OK,HW_1_050 1-33,text,true,,490,169,30,30,http://162.55.220.72:5006/object_info_2?name=Aliaksandr&age=33&salary=48000,152,0,67
1673875373614,159,/user_info_2,200,OK,HW_1_050 1-49,text,true,,476,251,30,30,http://162.55.220.72:5006/user_info_2,159,0,73
1673875373629,145,/user_info_3,200,OK,HW_1_050 1-43,text,true,,378,251,30,30,http://162.55.220.72:5006/user_info_3,145,0,60
1673875373610,164,/object_info_2,200,OK,HW_1_050 1-32,text,true,,490,169,30,30,http://162.55.220.72:5006/object_info_2?name=Aliaksandr&age=33&salary=48000,164,0,76
1673875373623,151,/user_info_2,200,OK,HW_1_050 1-50,text,true,,476,251,30,30,http://162.55.220.72:5006/user_info_2,151,0,65
1673875373648,127,/object_info_3,200,OK,HW_1_050 1-28,text,true,,531,168,30,30,http://162.55.220.72:5006/object_info_3?name=Aliaksandr&age=99&salary=5000,127,0,43
1673875373687,89,/object_info_3,200,OK,HW_1_050 1-29,text,true,,531,168,30,30,http://162.55.220.72:5006/object_info_3?name=Aliaksandr&age=99&salary=5000,89,0,43
1673875373655,121,/object_info_2,200,OK,HW_1_050 1-34,text,true,,490,169,30,30,http://162.55.220.72:5006/object_info_2?name=Aliaksandr&age=33&salary=48000,121,0,72
1673875373649,126,/object_info_1,200,OK,HW_1_050 1-41,text,true,,235,166,30,30,http://162.55.220.72:5006/object_info_1?name=Aliaksandr&age=45&weight=90,126,0,43
1673875373621,154,/user_info_3,200,OK,HW_1_050 1-45,text,true,,378,251,30,30,http://162.55.220.72:5006/user_info_3,154,0,67
1673875373648,131,/object_info_3,200,OK,HW_1_050 1-26,text,true,,531,168,30,30,http://162.55.220.72:5006/object_info_3?name=Aliaksandr&age=99&salary=5000,131,0,72
1673875373656,128,/object_info_4,200,OK,HW_1_050 1-22,text,true,,243,168,30,30,http://162.55.220.72:5006/object_info_4?name=Aliaksandr&age=55&salary=3355,119,0,71
1673875373701,156,/user_info_3,200,OK,HW_1_050 1-47,text,true,,378,251,29,29,http://162.55.220.72:5006/user_info_3,156,0,73
1673875373698,159,/object_info_1,200,OK,HW_1_050 1-44,text,true,,235,166,29,29,http://162.55.220.72:5006/object_info_1?name=Aliaksandr&age=45&weight=90,159,0,76
1673875373690,168,/object_info_2,200,OK,HW_1_050 1-35,text,true,,490,169,29,29,http://162.55.220.72:5006/object_info_2?name=Aliaksandr&age=33&salary=48000,168,0,84
1673875373688,170,/object_info_3,200,OK,HW_1_050 1-27,text,true,,531,168,29,29,http://162.55.220.72:5006/object_info_3?name=Aliaksandr&age=99&salary=5000,170,0,86
1673875373701,157,/user_info_3,200,OK,HW_1_050 1-48,text,true,,378,251,29,29,http://162.55.220.72:5006/user_info_3,157,0,73
1673875373689,170,/object_info_3,200,OK,HW_1_050 1-31,text,true,,531,168,29,29,http://162.55.220.72:5006/object_info_3?name=Aliaksandr&age=99&salary=5000,170,0,85
1673875373689,170,/object_info_1,200,OK,HW_1_050 1-40,text,true,,235,166,29,29,http://162.55.220.72:5006/object_info_1?name=Aliaksandr&age=45&weight=90,170,0,85
1673875373688,171,/object_info_1,200,OK,HW_1_050 1-39,text,true,,235,166,29,29,http://162.55.220.72:5006/object_info_1?name=Aliaksandr&age=45&weight=90,171,0,86
1673875373693,166,/object_info_1,200,OK,HW_1_050 1-42,text,true,,235,166,29,29,http://162.55.220.72:5006/object_info_1?name=Aliaksandr&age=45&weight=90,166,0,82
1673875373772,89,/object_info_3,200,OK,HW_1_050 1-30,text,true,,531,168,29,29,http://162.55.220.72:5006/object_info_3?name=Aliaksandr&age=99&salary=5000,89,0,43
1673875373776,90,/object_info_4,200,OK,HW_1_050 1-28,text,true,,243,168,29,29,http://162.55.220.72:5006/object_info_4?name=Aliaksandr&age=55&salary=3355,89,0,42
1673875373777,128,/object_info_2,200,OK,HW_1_050 1-41,text,true,,490,169,28,28,http://162.55.220.72:5006/object_info_2?name=Aliaksandr&age=33&salary=48000,128,0,43
1673875373779,164,/object_info_4,200,OK,HW_1_050 1-26,text,true,,243,168,28,28,http://162.55.220.72:5006/object_info_4?name=Aliaksandr&age=55&salary=3355,164,0,78
1673875373776,169,/user_info_3,200,OK,HW_1_050 1-50,text,true,,378,251,27,27,http://162.55.220.72:5006/user_info_3,169,0,81
1673875373777,169,/object_info_3,200,OK,HW_1_050 1-34,text,true,,531,168,27,27,http://162.55.220.72:5006/object_info_3?name=Aliaksandr&age=99&salary=5000,169,0,80
1673875373776,170,/object_info_4,200,OK,HW_1_050 1-29,text,true,,243,168,27,27,http://162.55.220.72:5006/object_info_4?name=Aliaksandr&age=55&salary=3355,170,0,82
1673875373778,169,/object_info_1,200,OK,HW_1_050 1-45,text,true,,235,166,27,27,http://162.55.220.72:5006/object_info_1?name=Aliaksandr&age=45&weight=90,168,0,79
1673875373773,174,/user_info_3,200,OK,HW_1_050 1-49,text,true,,378,251,26,26,http://162.55.220.72:5006/user_info_3,174,0,85
1673875373774,173,/object_info_3,200,OK,HW_1_050 1-32,text,true,,531,168,26,26,http://162.55.220.72:5006/object_info_3?name=Aliaksandr&age=99&salary=5000,173,0,84
1673875373774,174,/object_info_1,200,OK,HW_1_050 1-43,text,true,,235,166,26,26,http://162.55.220.72:5006/object_info_1?name=Aliaksandr&age=45&weight=90,174,0,84
1673875373773,175,/object_info_3,200,OK,HW_1_050 1-33,text,true,,531,168,26,26,http://162.55.220.72:5006/object_info_3?name=Aliaksandr&age=99&salary=5000,175,0,85
1673875373858,95,/object_info_1,200,OK,HW_1_050 1-48,text,true,,235,166,26,26,http://162.55.220.72:5006/object_info_1?name=Aliaksandr&age=45&weight=90,95,0,47
1673875373859,169,/object_info_2,200,OK,HW_1_050 1-40,text,true,,490,169,26,26,http://162.55.220.72:5006/object_info_2?name=Aliaksandr&age=33&salary=48000,169,0,46
1673875373859,170,/object_info_4,200,OK,HW_1_050 1-31,text,true,,243,168,26,26,http://162.55.220.72:5006/object_info_4?name=Aliaksandr&age=55&salary=3355,170,0,46
1673875373858,172,/object_info_4,200,OK,HW_1_050 1-27,text,true,,243,168,26,26,http://162.55.220.72:5006/object_info_4?name=Aliaksandr&age=55&salary=3355,172,0,53
1673875373859,171,/object_info_2,200,OK,HW_1_050 1-42,text,true,,490,169,25,25,http://162.55.220.72:5006/object_info_2?name=Aliaksandr&age=33&salary=48000,171,0,46
1673875373859,171,/object_info_2,200,OK,HW_1_050 1-39,text,true,,490,169,25,25,http://162.55.220.72:5006/object_info_2?name=Aliaksandr&age=33&salary=48000,171,0,46
1673875373858,172,/object_info_2,200,OK,HW_1_050 1-44,text,true,,490,169,25,25,http://162.55.220.72:5006/object_info_2?name=Aliaksandr&age=33&salary=48000,172,0,49
1673875373858,173,/object_info_3,200,OK,HW_1_050 1-35,text,true,,531,168,24,24,http://162.55.220.72:5006/object_info_3?name=Aliaksandr&age=99&salary=5000,173,0,88
1673875373858,173,/object_info_1,200,OK,HW_1_050 1-47,text,true,,235,166,24,24,http://162.55.220.72:5006/object_info_1?name=Aliaksandr&age=45&weight=90,173,0,88
1673875373861,170,/object_info_4,200,OK,HW_1_050 1-30,text,true,,243,168,24,24,http://162.55.220.72:5006/object_info_4?name=Aliaksandr&age=55&salary=3355,170,0,86
1673875373947,127,/object_info_4,200,OK,HW_1_050 1-32,text,true,,243,168,23,23,http://162.55.220.72:5006/object_info_4?name=Aliaksandr&age=55&salary=3355,126,0,45
1673875373947,168,/object_info_2,200,OK,HW_1_050 1-45,text,true,,490,169,22,22,http://162.55.220.72:5006/object_info_2?name=Aliaksandr&age=33&salary=48000,168,0,82
1673875373906,210,/object_info_3,200,OK,HW_1_050 1-41,text,true,,531,168,22,22,http://162.55.220.72:5006/object_info_3?name=Aliaksandr&age=99&salary=5000,209,0,123
1673875373946,170,/object_info_1,200,OK,HW_1_050 1-50,text,true,,235,166,22,22,http://162.55.220.72:5006/object_info_1?name=Aliaksandr&age=45&weight=90,170,0,85
1673875373946,170,/object_info_4,200,OK,HW_1_050 1-34,text,true,,243,168,22,22,http://162.55.220.72:5006/object_info_4?name=Aliaksandr&age=55&salary=3355,170,0,85
1673875373948,168,/object_info_4,200,OK,HW_1_050 1-33,text,true,,243,168,21,21,http://162.55.220.72:5006/object_info_4?name=Aliaksandr&age=55&salary=3355,168,0,83
1673875373947,169,/object_info_1,200,OK,HW_1_050 1-49,text,true,,235,166,21,21,http://162.55.220.72:5006/object_info_1?name=Aliaksandr&age=45&weight=90,169,0,84
1673875373948,168,/object_info_2,200,OK,HW_1_050 1-43,text,true,,490,169,21,21,http://162.55.220.72:5006/object_info_2?name=Aliaksandr&age=33&salary=48000,168,0,83
1673875373954,163,/object_info_2,200,OK,HW_1_050 1-48,text,true,,490,169,20,20,http://162.55.220.72:5006/object_info_2?name=Aliaksandr&age=33&salary=48000,163,0,89
1673875374031,89,/object_info_2,200,OK,HW_1_050 1-47,text,true,,490,169,20,20,http://162.55.220.72:5006/object_info_2?name=Aliaksandr&age=33&salary=48000,89,0,43
1673875373649,505,/user_info_3,200,OK,HW_1_050 1-46,text,true,,378,251,20,20,http://162.55.220.72:5006/user_info_3,505,0,48
1673875373639,516,/object_info_3,200,OK,HW_1_050 1-25,text,true,,531,168,20,20,http://162.55.220.72:5006/object_info_3?name=Aliaksandr&age=99&salary=5000,516,0,58
1673875374030,170,/object_info_3,200,OK,HW_1_050 1-44,text,true,,531,168,20,20,http://162.55.220.72:5006/object_info_3?name=Aliaksandr&age=99&salary=5000,170,0,48
1673875374030,170,/object_info_3,200,OK,HW_1_050 1-39,text,true,,531,168,20,20,http://162.55.220.72:5006/object_info_3?name=Aliaksandr&age=99&salary=5000,170,0,85
1673875374031,169,/object_info_4,200,OK,HW_1_050 1-35,text,true,,243,168,20,20,http://162.55.220.72:5006/object_info_4?name=Aliaksandr&age=55&salary=3355,169,0,53
1673875373629,572,/object_info_1,200,OK,HW_1_050 1-37,text,true,,235,166,19,19,http://162.55.220.72:5006/object_info_1?name=Aliaksandr&age=45&weight=90,572,0,60
1673875373638,563,/object_info_4,200,OK,HW_1_050 1-19,text,true,,243,168,19,19,http://162.55.220.72:5006/object_info_4?name=Aliaksandr&age=55&salary=3355,563,0,59
1673875374030,171,/object_info_3,200,OK,HW_1_050 1-42,text,true,,531,168,19,19,http://162.55.220.72:5006/object_info_3?name=Aliaksandr&age=99&salary=5000,171,0,85
1673875374029,172,/object_info_3,200,OK,HW_1_050 1-40,text,true,,531,168,19,19,http://162.55.220.72:5006/object_info_3?name=Aliaksandr&age=99&salary=5000,172,0,86
1673875373608,610,/object_info_1,200,OK,HW_1_050 1-38,text,true,,235,166,18,18,http://162.55.220.72:5006/object_info_1?name=Aliaksandr&age=45&weight=90,610,0,80
1673875373608,611,/object_info_4,200,OK,HW_1_050 1-24,text,true,,243,168,18,18,http://162.55.220.72:5006/object_info_4?name=Aliaksandr&age=55&salary=3355,610,0,79
1673875374155,95,/object_info_1,200,OK,HW_1_050 1-46,text,true,,235,166,17,17,http://162.55.220.72:5006/object_info_1?name=Aliaksandr&age=45&weight=90,94,0,47
1673875373603,686,/object_info_3,200,OK,HW_1_050 1-23,text,true,,531,168,17,17,http://162.55.220.72:5006/object_info_3?name=Aliaksandr&age=99&salary=5000,686,0,85
1673875373601,694,/object_info_1,200,OK,HW_1_050 1-36,text,true,,235,166,17,17,http://162.55.220.72:5006/object_info_1?name=Aliaksandr&age=45&weight=90,694,0,86
1673875374155,141,/object_info_4,200,OK,HW_1_050 1-25,text,true,,243,168,17,17,http://162.55.220.72:5006/object_info_4?name=Aliaksandr&age=55&salary=3355,141,0,47
1673875374115,182,/object_info_3,200,OK,HW_1_050 1-45,text,true,,531,168,16,16,http://162.55.220.72:5006/object_info_3?name=Aliaksandr&age=99&salary=5000,182,0,85
1673875374116,181,/object_info_2,200,OK,HW_1_050 1-50,text,true,,490,169,16,16,http://162.55.220.72:5006/object_info_2?name=Aliaksandr&age=33&salary=48000,181,0,84
1673875374116,182,/object_info_4,200,OK,HW_1_050 1-41,text,true,,243,168,16,16,http://162.55.220.72:5006/object_info_4?name=Aliaksandr&age=55&salary=3355,182,0,84
1673875374116,182,/object_info_2,200,OK,HW_1_050 1-49,text,true,,490,169,15,15,http://162.55.220.72:5006/object_info_2?name=Aliaksandr&age=33&salary=48000,182,0,85
1673875374116,183,/object_info_3,200,OK,HW_1_050 1-43,text,true,,531,168,15,15,http://162.55.220.72:5006/object_info_3?name=Aliaksandr&age=99&salary=5000,183,0,85
1673875374120,179,/object_info_3,200,OK,HW_1_050 1-47,text,true,,531,168,15,15,http://162.55.220.72:5006/object_info_3?name=Aliaksandr&age=99&salary=5000,179,0,81
1673875374117,183,/object_info_3,200,OK,HW_1_050 1-48,text,true,,531,168,15,15,http://162.55.220.72:5006/object_info_3?name=Aliaksandr&age=99&salary=5000,182,0,84
1673875374200,100,/object_info_4,200,OK,HW_1_050 1-44,text,true,,243,168,15,15,http://162.55.220.72:5006/object_info_4?name=Aliaksandr&age=55&salary=3355,100,0,44
1673875374202,170,/object_info_4,200,OK,HW_1_050 1-40,text,true,,243,168,14,14,http://162.55.220.72:5006/object_info_4?name=Aliaksandr&age=55&salary=3355,170,0,47
1673875374200,173,/object_info_4,200,OK,HW_1_050 1-39,text,true,,243,168,13,13,http://162.55.220.72:5006/object_info_4?name=Aliaksandr&age=55&salary=3355,173,0,49
1673875374201,172,/object_info_4,200,OK,HW_1_050 1-42,text,true,,243,168,13,13,http://162.55.220.72:5006/object_info_4?name=Aliaksandr&age=55&salary=3355,172,0,48
1673875374219,155,/object_info_2,200,OK,HW_1_050 1-38,text,true,,490,169,11,11,http://162.55.220.72:5006/object_info_2?name=Aliaksandr&age=33&salary=48000,155,0,81
1673875374201,173,/object_info_2,200,OK,HW_1_050 1-37,text,true,,490,169,11,11,http://162.55.220.72:5006/object_info_2?name=Aliaksandr&age=33&salary=48000,173,0,95
1673875374297,126,/object_info_4,200,OK,HW_1_050 1-45,text,true,,243,168,11,11,http://162.55.220.72:5006/object_info_4?name=Aliaksandr&age=55&salary=3355,125,0,76
1673875374298,125,/object_info_3,200,OK,HW_1_050 1-49,text,true,,531,168,11,11,http://162.55.220.72:5006/object_info_3?name=Aliaksandr&age=99&salary=5000,124,0,75
1673875374297,162,/object_info_3,200,OK,HW_1_050 1-50,text,true,,531,168,10,10,http://162.55.220.72:5006/object_info_3?name=Aliaksandr&age=99&salary=5000,162,0,77
1673875374299,160,/object_info_4,200,OK,HW_1_050 1-43,text,true,,243,168,10,10,http://162.55.220.72:5006/object_info_4?name=Aliaksandr&age=55&salary=3355,160,0,75
1673875374289,170,/object_info_4,200,OK,HW_1_050 1-23,text,true,,243,168,10,10,http://162.55.220.72:5006/object_info_4?name=Aliaksandr&age=55&salary=3355,170,0,84
1673875374295,165,/object_info_2,200,OK,HW_1_050 1-36,text,true,,490,169,9,9,http://162.55.220.72:5006/object_info_2?name=Aliaksandr&age=33&salary=48000,165,0,79
1673875374299,161,/object_info_4,200,OK,HW_1_050 1-47,text,true,,243,168,9,9,http://162.55.220.72:5006/object_info_4?name=Aliaksandr&age=55&salary=3355,161,0,75
1673875374250,211,/object_info_2,200,OK,HW_1_050 1-46,text,true,,490,169,7,7,http://162.55.220.72:5006/object_info_2?name=Aliaksandr&age=33&salary=48000,210,0,123
1673875374300,169,/object_info_4,200,OK,HW_1_050 1-48,text,true,,243,168,7,7,http://162.55.220.72:5006/object_info_4?name=Aliaksandr&age=55&salary=3355,169,0,74
1673875374374,172,/object_info_3,200,OK,HW_1_050 1-38,text,true,,531,168,6,6,http://162.55.220.72:5006/object_info_3?name=Aliaksandr&age=99&salary=5000,172,0,85
1673875374374,172,/object_info_3,200,OK,HW_1_050 1-37,text,true,,531,168,6,6,http://162.55.220.72:5006/object_info_3?name=Aliaksandr&age=99&salary=5000,172,0,85
1673875374461,126,/object_info_3,200,OK,HW_1_050 1-46,text,true,,531,168,6,6,http://162.55.220.72:5006/object_info_3?name=Aliaksandr&age=99&salary=5000,126,0,50
1673875374460,176,/object_info_3,200,OK,HW_1_050 1-36,text,true,,531,168,6,6,http://162.55.220.72:5006/object_info_3?name=Aliaksandr&age=99&salary=5000,176,0,86
1673875374459,177,/object_info_4,200,OK,HW_1_050 1-50,text,true,,243,168,6,6,http://162.55.220.72:5006/object_info_4?name=Aliaksandr&age=55&salary=3355,177,0,87
1673875374423,214,/object_info_4,200,OK,HW_1_050 1-49,text,true,,243,168,5,5,http://162.55.220.72:5006/object_info_4?name=Aliaksandr&age=55&salary=3355,214,0,123
1673875374546,127,/object_info_4,200,OK,HW_1_050 1-37,text,true,,243,168,4,4,http://162.55.220.72:5006/object_info_4?name=Aliaksandr&age=55&salary=3355,127,0,49
1673875374546,159,/object_info_4,200,OK,HW_1_050 1-38,text,true,,243,168,3,3,http://162.55.220.72:5006/object_info_4?name=Aliaksandr&age=55&salary=3355,159,0,88
1673875374587,133,/object_info_4,200,OK,HW_1_050 1-46,text,true,,243,168,2,2,http://162.55.220.72:5006/object_info_4?name=Aliaksandr&age=55&salary=3355,133,0,72
1673875374636,154,/object_info_4,200,OK,HW_1_050 1-36,text,true,,243,168,1,1,http://162.55.220.72:5006/object_info_4?name=Aliaksandr&age=55&salary=3355,154,0,69
